wind_direction,U_inf,yaw_1,yaw_2,power_1,power_2,power_total
0,6.0,-30,0.0,558.99,731.0,1290.0
0,6.0,-25,0.0,611.7,731.0,1342.7
0,6.0,-20,0.0,654.71,731.0,1385.72
0,6.0,-15,0.0,688.12,731.0,1419.12
0,6.0,-10,0.0,711.95,731.0,1442.95
0,6.0,-5,0.0,726.24,731.0,1457.24
0,6.0,0,0.0,731.0,731.0,1462.01
0,6.0,5,0.0,726.24,731.0,1457.24
0,6.0,10,0.0,711.95,731.0,1442.95
0,6.0,15,0.0,688.12,731.0,1419.12
0,6.0,20,0.0,654.71,731.0,1385.72
0,6.0,25,0.0,611.7,731.0,1342.7
0,6.0,30,0.0,558.99,731.0,1290.0
0,8.0,-30,0.0,1339.86,1753.95,3093.81
0,8.0,-25,0.0,1458.96,1753.95,3212.91
0,8.0,-20,0.0,1561.32,1753.95,3315.27
0,8.0,-15,0.0,1643.59,1753.95,3397.54
0,8.0,-10,0.0,1704.2,1753.95,3458.16
0,8.0,-5,0.0,1741.51,1753.95,3495.46
0,8.0,0,0.0,1753.95,1753.95,3507.91
0,8.0,5,0.0,1741.51,1753.95,3495.46
0,8.0,10,0.0,1704.2,1753.95,3458.16
0,8.0,15,0.0,1643.59,1753.95,3397.54
0,8.0,20,0.0,1561.32,1753.95,3315.27
0,8.0,25,0.0,1458.96,1753.95,3212.91
0,8.0,30,0.0,1339.86,1753.95,3093.81
0,10.0,-30,0.0,2618.95,3417.8,6036.75
0,10.0,-25,0.0,2863.71,3417.8,6281.5
0,10.0,-20,0.0,3063.49,3417.8,6481.29
0,10.0,-15,0.0,3218.62,3417.8,6636.42
0,10.0,-10,0.0,3329.31,3417.8,6747.11
0,10.0,-5,0.0,3395.68,3417.8,6813.48
0,10.0,0,0.0,3417.8,3417.8,6835.59
0,10.0,5,0.0,3395.68,3417.8,6813.48
0,10.0,10,0.0,3329.31,3417.8,6747.11
0,10.0,15,0.0,3218.62,3417.8,6636.42
0,10.0,20,0.0,3063.49,3417.8,6481.29
0,10.0,25,0.0,2863.71,3417.8,6281.5
0,10.0,30,0.0,2618.95,3417.8,6036.75
0,12.0,-30,0.0,4478.61,5000.0,9478.61
0,12.0,-25,0.0,4862.41,5000.0,9862.41
0,12.0,-20,0.0,5000.0,5000.0,10000.0
0,12.0,-15,0.0,5000.0,5000.0,10000.0
0,12.0,-10,0.0,5000.0,5000.0,10000.0
0,12.0,-5,0.0,5000.0,5000.0,10000.0
0,12.0,0,0.0,5000.0,5000.0,10000.0
0,12.0,5,0.0,5000.0,5000.0,10000.0
0,12.0,10,0.0,5000.0,5000.0,10000.0
0,12.0,15,0.0,5000.0,5000.0,10000.0
0,12.0,20,0.0,5000.0,5000.0,10000.0
0,12.0,25,0.0,4862.41,5000.0,9862.41
0,12.0,30,0.0,4478.61,5000.0,9478.61
30,6.0,-30,0.0,558.99,731.0,1290.0
30,6.0,-25,0.0,611.7,731.0,1342.7
30,6.0,-20,0.0,654.71,731.0,1385.72
30,6.0,-15,0.0,688.12,731.0,1419.12
30,6.0,-10,0.0,711.95,731.0,1442.95
30,6.0,-5,0.0,726.24,731.0,1457.24
30,6.0,0,0.0,731.0,731.0,1462.01
30,6.0,5,0.0,726.24,731.0,1457.24
30,6.0,10,0.0,711.95,731.0,1442.95
30,6.0,15,0.0,688.12,731.0,1419.12
30,6.0,20,0.0,654.71,731.0,1385.72
30,6.0,25,0.0,611.7,731.0,1342.7
30,6.0,30,0.0,558.99,731.0,1290.0
30,8.0,-30,0.0,1339.86,1753.95,3093.81
30,8.0,-25,0.0,1458.96,1753.95,3212.91
30,8.0,-20,0.0,1561.32,1753.95,3315.27
30,8.0,-15,0.0,1643.59,1753.95,3397.54
30,8.0,-10,0.0,1704.2,1753.95,3458.16
30,8.0,-5,0.0,1741.51,1753.95,3495.46
30,8.0,0,0.0,1753.95,1753.95,3507.91
30,8.0,5,0.0,1741.51,1753.95,3495.46
30,8.0,10,0.0,1704.2,1753.95,3458.16
30,8.0,15,0.0,1643.59,1753.95,3397.54
30,8.0,20,0.0,1561.32,1753.95,3315.27
30,8.0,25,0.0,1458.96,1753.95,3212.91
30,8.0,30,0.0,1339.86,1753.95,3093.81
30,10.0,-30,0.0,2618.95,3417.8,6036.75
30,10.0,-25,0.0,2863.71,3417.8,6281.5
30,10.0,-20,0.0,3063.49,3417.8,6481.29
30,10.0,-15,0.0,3218.62,3417.8,6636.42
30,10.0,-10,0.0,3329.31,3417.8,6747.11
30,10.0,-5,0.0,3395.68,3417.8,6813.48
30,10.0,0,0.0,3417.8,3417.8,6835.59
30,10.0,5,0.0,3395.68,3417.8,6813.48
30,10.0,10,0.0,3329.31,3417.8,6747.11
30,10.0,15,0.0,3218.62,3417.8,6636.42
30,10.0,20,0.0,3063.49,3417.8,6481.29
30,10.0,25,0.0,2863.71,3417.8,6281.5
30,10.0,30,0.0,2618.95,3417.8,6036.75
30,12.0,-30,0.0,4478.61,5000.0,9478.61
30,12.0,-25,0.0,4862.41,5000.0,9862.41
30,12.0,-20,0.0,5000.0,5000.0,10000.0
30,12.0,-15,0.0,5000.0,5000.0,10000.0
30,12.0,-10,0.0,5000.0,5000.0,10000.0
30,12.0,-5,0.0,5000.0,5000.0,10000.0
30,12.0,0,0.0,5000.0,5000.0,10000.0
30,12.0,5,0.0,5000.0,5000.0,10000.0
30,12.0,10,0.0,5000.0,5000.0,10000.0
30,12.0,15,0.0,5000.0,5000.0,10000.0
30,12.0,20,0.0,5000.0,5000.0,10000.0
30,12.0,25,0.0,4862.41,5000.0,9862.41
30,12.0,30,0.0,4478.61,5000.0,9478.61
60,6.0,-30,0.0,558.99,731.0,1290.0
60,6.0,-25,0.0,611.7,731.0,1342.7
60,6.0,-20,0.0,654.71,731.0,1385.72
60,6.0,-15,0.0,688.12,731.0,1419.12
60,6.0,-10,0.0,711.95,731.0,1442.95
60,6.0,-5,0.0,726.24,731.0,1457.24
60,6.0,0,0.0,731.0,731.0,1462.01
60,6.0,5,0.0,726.24,731.0,1457.24
60,6.0,10,0.0,711.95,731.0,1442.95
60,6.0,15,0.0,688.12,731.0,1419.12
60,6.0,20,0.0,654.71,731.0,1385.72
60,6.0,25,0.0,611.7,731.0,1342.7
60,6.0,30,0.0,558.99,731.0,1290.0
60,8.0,-30,0.0,1339.86,1753.95,3093.81
60,8.0,-25,0.0,1458.96,1753.95,3212.91
60,8.0,-20,0.0,1561.32,1753.95,3315.27
60,8.0,-15,0.0,1643.59,1753.95,3397.54
60,8.0,-10,0.0,1704.2,1753.95,3458.16
60,8.0,-5,0.0,1741.51,1753.95,3495.46
60,8.0,0,0.0,1753.95,1753.95,3507.91
60,8.0,5,0.0,1741.51,1753.95,3495.46
60,8.0,10,0.0,1704.2,1753.95,3458.16
60,8.0,15,0.0,1643.59,1753.95,3397.54
60,8.0,20,0.0,1561.32,1753.95,3315.27
60,8.0,25,0.0,1458.96,1753.95,3212.91
60,8.0,30,0.0,1339.86,1753.95,3093.81
60,10.0,-30,0.0,2618.95,3417.8,6036.75
60,10.0,-25,0.0,2863.71,3417.8,6281.5
60,10.0,-20,0.0,3063.49,3417.8,6481.29
60,10.0,-15,0.0,3218.62,3417.8,6636.42
60,10.0,-10,0.0,3329.31,3417.8,6747.11
60,10.0,-5,0.0,3395.68,3417.8,6813.48
60,10.0,0,0.0,3417.8,3417.8,6835.59
60,10.0,5,0.0,3395.68,3417.8,6813.48
60,10.0,10,0.0,3329.31,3417.8,6747.11
60,10.0,15,0.0,3218.62,3417.8,6636.42
60,10.0,20,0.0,3063.49,3417.8,6481.29
60,10.0,25,0.0,2863.71,3417.8,6281.5
60,10.0,30,0.0,2618.95,3417.8,6036.75
60,12.0,-30,0.0,4478.61,5000.0,9478.61
60,12.0,-25,0.0,4862.41,5000.0,9862.41
60,12.0,-20,0.0,5000.0,5000.0,10000.0
60,12.0,-15,0.0,5000.0,5000.0,10000.0
60,12.0,-10,0.0,5000.0,5000.0,10000.0
60,12.0,-5,0.0,5000.0,5000.0,10000.0
60,12.0,0,0.0,5000.0,5000.0,10000.0
60,12.0,5,0.0,5000.0,5000.0,10000.0
60,12.0,10,0.0,5000.0,5000.0,10000.0
60,12.0,15,0.0,5000.0,5000.0,10000.0
60,12.0,20,0.0,5000.0,5000.0,10000.0
60,12.0,25,0.0,4862.41,5000.0,9862.41
60,12.0,30,0.0,4478.61,5000.0,9478.61
90,6.0,-30,0.0,96.75,731.0,827.75
90,6.0,-25,0.0,110.27,731.0,841.27
90,6.0,-20,0.0,121.3,731.0,852.3
90,6.0,-15,0.0,129.87,731.0,860.87
90,6.0,-10,0.0,135.98,731.0,866.98
90,6.0,-5,0.0,139.65,731.0,870.65
90,6.0,0,0.0,140.87,731.0,871.87
90,6.0,5,0.0,139.65,731.0,870.65
90,6.0,10,0.0,135.98,731.0,866.98
90,6.0,15,0.0,129.87,731.0,860.87
90,6.0,20,0.0,121.3,731.0,852.3
90,6.0,25,0.0,110.27,731.0,841.27
90,6.0,30,0.0,96.75,731.0,827.75
90,8.0,-30,0.0,326.56,1753.95,2080.51
90,8.0,-25,0.0,357.02,1753.95,2110.97
90,8.0,-20,0.0,381.88,1753.95,2135.83
90,8.0,-15,0.0,401.18,1753.95,2155.13
90,8.0,-10,0.0,420.2,1753.95,2174.16
90,8.0,-5,0.0,432.38,1753.95,2186.34
90,8.0,0,0.0,436.44,1753.95,2190.4
90,8.0,5,0.0,432.38,1753.95,2186.34
90,8.0,10,0.0,420.2,1753.95,2174.16
90,8.0,15,0.0,401.18,1753.95,2155.13
90,8.0,20,0.0,381.88,1753.95,2135.83
90,8.0,25,0.0,357.02,1753.95,2110.97
90,8.0,30,0.0,326.56,1753.95,2080.51
90,10.0,-30,0.0,680.85,3417.8,4098.65
90,10.0,-25,0.0,737.07,3417.8,4154.87
90,10.0,-20,0.0,798.72,3417.8,4216.52
90,10.0,-15,0.0,846.74,3417.8,4264.54
90,10.0,-10,0.0,881.0,3417.8,4298.79
90,10.0,-5,0.0,901.54,3417.8,4319.33
90,10.0,0,0.0,908.38,3417.8,4326.18
90,10.0,5,0.0,901.54,3417.8,4319.33
90,10.0,10,0.0,881.0,3417.8,4298.79
90,10.0,15,0.0,846.74,3417.8,4264.54
90,10.0,20,0.0,798.72,3417.8,4216.52
90,10.0,25,0.0,737.07,3417.8,4154.87
90,10.0,30,0.0,680.85,3417.8,4098.65
90,12.0,-30,0.0,1828.8,5000.0,6828.8
90,12.0,-25,0.0,2003.27,5000.0,7003.27
90,12.0,-20,0.0,2145.68,5000.0,7145.68
90,12.0,-15,0.0,2256.26,5000.0,7256.26
90,12.0,-10,0.0,2335.16,5000.0,7335.16
90,12.0,-5,0.0,2382.47,5000.0,7382.47
90,12.0,0,0.0,2398.24,5000.0,7398.24
90,12.0,5,0.0,2382.47,5000.0,7382.47
90,12.0,10,0.0,2335.16,5000.0,7335.16
90,12.0,15,0.0,2256.26,5000.0,7256.26
90,12.0,20,0.0,2145.68,5000.0,7145.68
90,12.0,25,0.0,2003.27,5000.0,7003.27
90,12.0,30,0.0,1828.8,5000.0,6828.8
120,6.0,-30,0.0,558.99,731.0,1290.0
120,6.0,-25,0.0,611.7,731.0,1342.7
120,6.0,-20,0.0,654.71,731.0,1385.72
120,6.0,-15,0.0,688.12,731.0,1419.12
120,6.0,-10,0.0,711.95,731.0,1442.95
120,6.0,-5,0.0,726.24,731.0,1457.24
120,6.0,0,0.0,731.0,731.0,1462.01
120,6.0,5,0.0,726.24,731.0,1457.24
120,6.0,10,0.0,711.95,731.0,1442.95
120,6.0,15,0.0,688.12,731.0,1419.12
120,6.0,20,0.0,654.71,731.0,1385.72
120,6.0,25,0.0,611.7,731.0,1342.7
120,6.0,30,0.0,558.99,731.0,1290.0
120,8.0,-30,0.0,1339.86,1753.95,3093.81
120,8.0,-25,0.0,1458.96,1753.95,3212.91
120,8.0,-20,0.0,1561.32,1753.95,3315.27
120,8.0,-15,0.0,1643.59,1753.95,3397.54
120,8.0,-10,0.0,1704.2,1753.95,3458.16
120,8.0,-5,0.0,1741.51,1753.95,3495.46
120,8.0,0,0.0,1753.95,1753.95,3507.91
120,8.0,5,0.0,1741.51,1753.95,3495.46
120,8.0,10,0.0,1704.2,1753.95,3458.16
120,8.0,15,0.0,1643.59,1753.95,3397.54
120,8.0,20,0.0,1561.32,1753.95,3315.27
120,8.0,25,0.0,1458.96,1753.95,3212.91
120,8.0,30,0.0,1339.86,1753.95,3093.81
120,10.0,-30,0.0,2618.95,3417.8,6036.75
120,10.0,-25,0.0,2863.71,3417.8,6281.5
120,10.0,-20,0.0,3063.49,3417.8,6481.29
120,10.0,-15,0.0,3218.62,3417.8,6636.42
120,10.0,-10,0.0,3329.31,3417.8,6747.11
120,10.0,-5,0.0,3395.68,3417.8,6813.48
120,10.0,0,0.0,3417.8,3417.8,6835.59
120,10.0,5,0.0,3395.68,3417.8,6813.48
120,10.0,10,0.0,3329.31,3417.8,6747.11
120,10.0,15,0.0,3218.62,3417.8,6636.42
120,10.0,20,0.0,3063.49,3417.8,6481.29
120,10.0,25,0.0,2863.71,3417.8,6281.5
120,10.0,30,0.0,2618.95,3417.8,6036.75
120,12.0,-30,0.0,4478.61,5000.0,9478.61
120,12.0,-25,0.0,4862.41,5000.0,9862.41
120,12.0,-20,0.0,5000.0,5000.0,10000.0
120,12.0,-15,0.0,5000.0,5000.0,10000.0
120,12.0,-10,0.0,5000.0,5000.0,10000.0
120,12.0,-5,0.0,5000.0,5000.0,10000.0
120,12.0,0,0.0,5000.0,5000.0,10000.0
120,12.0,5,0.0,5000.0,5000.0,10000.0
120,12.0,10,0.0,5000.0,5000.0,10000.0
120,12.0,15,0.0,5000.0,5000.0,10000.0
120,12.0,20,0.0,5000.0,5000.0,10000.0
120,12.0,25,0.0,4862.41,5000.0,9862.41
120,12.0,30,0.0,4478.61,5000.0,9478.61
150,6.0,-30,0.0,558.99,731.0,1290.0
150,6.0,-25,0.0,611.7,731.0,1342.7
150,6.0,-20,0.0,654.71,731.0,1385.72
150,6.0,-15,0.0,688.12,731.0,1419.12
150,6.0,-10,0.0,711.95,731.0,1442.95
150,6.0,-5,0.0,726.24,731.0,1457.24
150,6.0,0,0.0,731.0,731.0,1462.01
150,6.0,5,0.0,726.24,731.0,1457.24
150,6.0,10,0.0,711.95,731.0,1442.95
150,6.0,15,0.0,688.12,731.0,1419.12
150,6.0,20,0.0,654.71,731.0,1385.72
150,6.0,25,0.0,611.7,731.0,1342.7
150,6.0,30,0.0,558.99,731.0,1290.0
150,8.0,-30,0.0,1339.86,1753.95,3093.81
150,8.0,-25,0.0,1458.96,1753.95,3212.91
150,8.0,-20,0.0,1561.32,1753.95,3315.27
150,8.0,-15,0.0,1643.59,1753.95,3397.54
150,8.0,-10,0.0,1704.2,1753.95,3458.16
150,8.0,-5,0.0,1741.51,1753.95,3495.46
150,8.0,0,0.0,1753.95,1753.95,3507.91
150,8.0,5,0.0,1741.51,1753.95,3495.46
150,8.0,10,0.0,1704.2,1753.95,3458.16
150,8.0,15,0.0,1643.59,1753.95,3397.54
150,8.0,20,0.0,1561.32,1753.95,3315.27
150,8.0,25,0.0,1458.96,1753.95,3212.91
150,8.0,30,0.0,1339.86,1753.95,3093.81
150,10.0,-30,0.0,2618.95,3417.8,6036.75
150,10.0,-25,0.0,2863.71,3417.8,6281.5
150,10.0,-20,0.0,3063.49,3417.8,6481.29
150,10.0,-15,0.0,3218.62,3417.8,6636.42
150,10.0,-10,0.0,3329.31,3417.8,6747.11
150,10.0,-5,0.0,3395.68,3417.8,6813.48
150,10.0,0,0.0,3417.8,3417.8,6835.59
150,10.0,5,0.0,3395.68,3417.8,6813.48
150,10.0,10,0.0,3329.31,3417.8,6747.11
150,10.0,15,0.0,3218.62,3417.8,6636.42
150,10.0,20,0.0,3063.49,3417.8,6481.29
150,10.0,25,0.0,2863.71,3417.8,6281.5
150,10.0,30,0.0,2618.95,3417.8,6036.75
150,12.0,-30,0.0,4478.61,5000.0,9478.61
150,12.0,-25,0.0,4862.41,5000.0,9862.41
150,12.0,-20,0.0,5000.0,5000.0,10000.0
150,12.0,-15,0.0,5000.0,5000.0,10000.0
150,12.0,-10,0.0,5000.0,5000.0,10000.0
150,12.0,-5,0.0,5000.0,5000.0,10000.0
150,12.0,0,0.0,5000.0,5000.0,10000.0
150,12.0,5,0.0,5000.0,5000.0,10000.0
150,12.0,10,0.0,5000.0,5000.0,10000.0
150,12.0,15,0.0,5000.0,5000.0,10000.0
150,12.0,20,0.0,5000.0,5000.0,10000.0
150,12.0,25,0.0,4862.41,5000.0,9862.41
150,12.0,30,0.0,4478.61,5000.0,9478.61
180,6.0,-30,0.0,558.99,731.0,1290.0
180,6.0,-25,0.0,611.7,731.0,1342.7
180,6.0,-20,0.0,654.71,731.0,1385.72
180,6.0,-15,0.0,688.12,731.0,1419.12
180,6.0,-10,0.0,711.95,731.0,1442.95
180,6.0,-5,0.0,726.24,731.0,1457.24
180,6.0,0,0.0,731.0,731.0,1462.01
180,6.0,5,0.0,726.24,731.0,1457.24
180,6.0,10,0.0,711.95,731.0,1442.95
180,6.0,15,0.0,688.12,731.0,1419.12
180,6.0,20,0.0,654.71,731.0,1385.72
180,6.0,25,0.0,611.7,731.0,1342.7
180,6.0,30,0.0,558.99,731.0,1290.0
180,8.0,-30,0.0,1339.86,1753.95,3093.81
180,8.0,-25,0.0,1458.96,1753.95,3212.91
180,8.0,-20,0.0,1561.32,1753.95,3315.27
180,8.0,-15,0.0,1643.59,1753.95,3397.54
180,8.0,-10,0.0,1704.2,1753.95,3458.16
180,8.0,-5,0.0,1741.51,1753.95,3495.46
180,8.0,0,0.0,1753.95,1753.95,3507.91
180,8.0,5,0.0,1741.51,1753.95,3495.46
180,8.0,10,0.0,1704.2,1753.95,3458.16
180,8.0,15,0.0,1643.59,1753.95,3397.54
180,8.0,20,0.0,1561.32,1753.95,3315.27
180,8.0,25,0.0,1458.96,1753.95,3212.91
180,8.0,30,0.0,1339.86,1753.95,3093.81
180,10.0,-30,0.0,2618.95,3417.8,6036.75
180,10.0,-25,0.0,2863.71,3417.8,6281.5
180,10.0,-20,0.0,3063.49,3417.8,6481.29
180,10.0,-15,0.0,3218.62,3417.8,6636.42
180,10.0,-10,0.0,3329.31,3417.8,6747.11
180,10.0,-5,0.0,3395.68,3417.8,6813.48
180,10.0,0,0.0,3417.8,3417.8,6835.59
180,10.0,5,0.0,3395.68,3417.8,6813.48
180,10.0,10,0.0,3329.31,3417.8,6747.11
180,10.0,15,0.0,3218.62,3417.8,6636.42
180,10.0,20,0.0,3063.49,3417.8,6481.29
180,10.0,25,0.0,2863.71,3417.8,6281.5
180,10.0,30,0.0,2618.95,3417.8,6036.75
180,12.0,-30,0.0,4478.61,5000.0,9478.61
180,12.0,-25,0.0,4862.41,5000.0,9862.41
180,12.0,-20,0.0,5000.0,5000.0,10000.0
180,12.0,-15,0.0,5000.0,5000.0,10000.0
180,12.0,-10,0.0,5000.0,5000.0,10000.0
180,12.0,-5,0.0,5000.0,5000.0,10000.0
180,12.0,0,0.0,5000.0,5000.0,10000.0
180,12.0,5,0.0,5000.0,5000.0,10000.0
180,12.0,10,0.0,5000.0,5000.0,10000.0
180,12.0,15,0.0,5000.0,5000.0,10000.0
180,12.0,20,0.0,5000.0,5000.0,10000.0
180,12.0,25,0.0,4862.41,5000.0,9862.41
180,12.0,30,0.0,4478.61,5000.0,9478.61
210,6.0,-30,0.0,558.99,731.0,1290.0
210,6.0,-25,0.0,611.7,731.0,1342.7
210,6.0,-20,0.0,654.71,731.0,1385.72
210,6.0,-15,0.0,688.12,731.0,1419.12
210,6.0,-10,0.0,711.95,731.0,1442.95
210,6.0,-5,0.0,726.24,731.0,1457.24
210,6.0,0,0.0,731.0,731.0,1462.01
210,6.0,5,0.0,726.24,731.0,1457.24
210,6.0,10,0.0,711.95,731.0,1442.95
210,6.0,15,0.0,688.12,731.0,1419.12
210,6.0,20,0.0,654.71,731.0,1385.72
210,6.0,25,0.0,611.7,731.0,1342.7
210,6.0,30,0.0,558.99,731.0,1290.0
210,8.0,-30,0.0,1339.86,1753.95,3093.81
210,8.0,-25,0.0,1458.96,1753.95,3212.91
210,8.0,-20,0.0,1561.32,1753.95,3315.27
210,8.0,-15,0.0,1643.59,1753.95,3397.54
210,8.0,-10,0.0,1704.2,1753.95,3458.16
210,8.0,-5,0.0,1741.51,1753.95,3495.46
210,8.0,0,0.0,1753.95,1753.95,3507.91
210,8.0,5,0.0,1741.51,1753.95,3495.46
210,8.0,10,0.0,1704.2,1753.95,3458.16
210,8.0,15,0.0,1643.59,1753.95,3397.54
210,8.0,20,0.0,1561.32,1753.95,3315.27
210,8.0,25,0.0,1458.96,1753.95,3212.91
210,8.0,30,0.0,1339.86,1753.95,3093.81
210,10.0,-30,0.0,2618.95,3417.8,6036.75
210,10.0,-25,0.0,2863.71,3417.8,6281.5
210,10.0,-20,0.0,3063.49,3417.8,6481.29
210,10.0,-15,0.0,3218.62,3417.8,6636.42
210,10.0,-10,0.0,3329.31,3417.8,6747.11
210,10.0,-5,0.0,3395.68,3417.8,6813.48
210,10.0,0,0.0,3417.8,3417.8,6835.59
210,10.0,5,0.0,3395.68,3417.8,6813.48
210,10.0,10,0.0,3329.31,3417.8,6747.11
210,10.0,15,0.0,3218.62,3417.8,6636.42
210,10.0,20,0.0,3063.49,3417.8,6481.29
210,10.0,25,0.0,2863.71,3417.8,6281.5
210,10.0,30,0.0,2618.95,3417.8,6036.75
210,12.0,-30,0.0,4478.61,5000.0,9478.61
210,12.0,-25,0.0,4862.41,5000.0,9862.41
210,12.0,-20,0.0,5000.0,5000.0,10000.0
210,12.0,-15,0.0,5000.0,5000.0,10000.0
210,12.0,-10,0.0,5000.0,5000.0,10000.0
210,12.0,-5,0.0,5000.0,5000.0,10000.0
210,12.0,0,0.0,5000.0,5000.0,10000.0
210,12.0,5,0.0,5000.0,5000.0,10000.0
210,12.0,10,0.0,5000.0,5000.0,10000.0
210,12.0,15,0.0,5000.0,5000.0,10000.0
210,12.0,20,0.0,5000.0,5000.0,10000.0
210,12.0,25,0.0,4862.41,5000.0,9862.41
210,12.0,30,0.0,4478.61,5000.0,9478.61
240,6.0,-30,0.0,558.99,731.0,1290.0
240,6.0,-25,0.0,611.7,731.0,1342.7
240,6.0,-20,0.0,654.71,731.0,1385.72
240,6.0,-15,0.0,688.12,731.0,1419.12
240,6.0,-10,0.0,711.95,731.0,1442.95
240,6.0,-5,0.0,726.24,731.0,1457.24
240,6.0,0,0.0,731.0,731.0,1462.01
240,6.0,5,0.0,726.24,731.0,1457.24
240,6.0,10,0.0,711.95,731.0,1442.95
240,6.0,15,0.0,688.12,731.0,1419.12
240,6.0,20,0.0,654.71,731.0,1385.72
240,6.0,25,0.0,611.7,731.0,1342.7
240,6.0,30,0.0,558.99,731.0,1290.0
240,8.0,-30,0.0,1339.86,1753.95,3093.81
240,8.0,-25,0.0,1458.96,1753.95,3212.91
240,8.0,-20,0.0,1561.32,1753.95,3315.27
240,8.0,-15,0.0,1643.59,1753.95,3397.54
240,8.0,-10,0.0,1704.2,1753.95,3458.16
240,8.0,-5,0.0,1741.51,1753.95,3495.46
240,8.0,0,0.0,1753.95,1753.95,3507.91
240,8.0,5,0.0,1741.51,1753.95,3495.46
240,8.0,10,0.0,1704.2,1753.95,3458.16
240,8.0,15,0.0,1643.59,1753.95,3397.54
240,8.0,20,0.0,1561.32,1753.95,3315.27
240,8.0,25,0.0,1458.96,1753.95,3212.91
240,8.0,30,0.0,1339.86,1753.95,3093.81
240,10.0,-30,0.0,2618.95,3417.8,6036.75
240,10.0,-25,0.0,2863.71,3417.8,6281.5
240,10.0,-20,0.0,3063.49,3417.8,6481.29
240,10.0,-15,0.0,3218.62,3417.8,6636.42
240,10.0,-10,0.0,3329.31,3417.8,6747.11
240,10.0,-5,0.0,3395.68,3417.8,6813.48
240,10.0,0,0.0,3417.8,3417.8,6835.59
240,10.0,5,0.0,3395.68,3417.8,6813.48
240,10.0,10,0.0,3329.31,3417.8,6747.11
240,10.0,15,0.0,3218.62,3417.8,6636.42
240,10.0,20,0.0,3063.49,3417.8,6481.29
240,10.0,25,0.0,2863.71,3417.8,6281.5
240,10.0,30,0.0,2618.95,3417.8,6036.75
240,12.0,-30,0.0,4478.61,5000.0,9478.61
240,12.0,-25,0.0,4862.41,5000.0,9862.41
240,12.0,-20,0.0,5000.0,5000.0,10000.0
240,12.0,-15,0.0,5000.0,5000.0,10000.0
240,12.0,-10,0.0,5000.0,5000.0,10000.0
240,12.0,-5,0.0,5000.0,5000.0,10000.0
240,12.0,0,0.0,5000.0,5000.0,10000.0
240,12.0,5,0.0,5000.0,5000.0,10000.0
240,12.0,10,0.0,5000.0,5000.0,10000.0
240,12.0,15,0.0,5000.0,5000.0,10000.0
240,12.0,20,0.0,5000.0,5000.0,10000.0
240,12.0,25,0.0,4862.41,5000.0,9862.41
240,12.0,30,0.0,4478.61,5000.0,9478.61
270,6.0,-30,0.0,558.99,398.79,957.78
270,6.0,-25,0.0,611.7,352.57,964.27
270,6.0,-20,0.0,654.71,298.24,952.96
270,6.0,-15,0.0,688.12,237.78,925.9
270,6.0,-10,0.0,711.95,177.94,889.89
270,6.0,-5,0.0,726.24,150.13,876.37
270,6.0,0,0.0,731.0,140.87,871.87
270,6.0,5,0.0,726.24,154.05,880.29
270,6.0,10,0.0,711.95,187.85,899.8
270,6.0,15,0.0,688.12,248.04,936.15
270,6.0,20,0.0,654.71,307.24,961.95
270,6.0,25,0.0,611.7,359.69,971.38
270,6.0,30,0.0,558.99,404.11,963.11
270,8.0,-30,0.0,1339.86,1010.0,2349.86
270,8.0,-25,0.0,1458.96,891.85,2350.8
270,8.0,-20,0.0,1561.32,756.53,2317.85
270,8.0,-15,0.0,1643.59,643.12,2286.71
270,8.0,-10,0.0,1704.2,539.06,2243.27
270,8.0,-5,0.0,1741.51,461.9,2203.41
270,8.0,0,0.0,1753.95,436.44,2190.4
270,8.0,5,0.0,1741.51,472.31,2213.82
270,8.0,10,0.0,1704.2,555.49,2259.69
270,8.0,15,0.0,1643.59,660.71,2304.3
270,8.0,20,0.0,1561.32,778.04,2339.36
270,8.0,25,0.0,1458.96,909.44,2368.39
270,8.0,30,0.0,1339.86,1023.43,2363.29
270,10.0,-30,0.0,2618.95,1962.62,4581.57
270,10.0,-25,0.0,2863.71,1724.28,4587.99
270,10.0,-20,0.0,3063.49,1492.14,4555.63
270,10.0,-15,0.0,3218.62,1265.2,4483.82
270,10.0,-10,0.0,3329.31,1079.88,4409.19
270,10.0,-5,0.0,3395.68,950.9,4346.58
270,10.0,0,0.0,3417.8,908.38,4326.18
270,10.0,5,0.0,3395.68,968.27,4363.95
270,10.0,10,0.0,3329.31,1107.31,4436.62
270,10.0,15,0.0,3218.62,1300.28,4518.91
270,10.0,20,0.0,3063.49,1527.41,4590.9
270,10.0,25,0.0,2863.71,1756.15,4619.86
270,10.0,30,0.0,2618.95,1990.46,4609.4
270,12.0,-30,0.0,4478.61,3463.67,7942.28
270,12.0,-25,0.0,4862.41,3211.48,8073.89
270,12.0,-20,0.0,5000.0,2962.18,7962.18
270,12.0,-15,0.0,5000.0,2730.33,7730.33
270,12.0,-10,0.0,5000.0,2538.1,7538.1
270,12.0,-5,0.0,5000.0,2431.92,7431.92
270,12.0,0,0.0,5000.0,2398.24,7398.24
270,12.0,5,0.0,5000.0,2438.89,7438.89
270,12.0,10,0.0,5000.0,2553.15,7553.15
270,12.0,15,0.0,5000.0,2748.59,7748.59
270,12.0,20,0.0,5000.0,2981.13,7981.13
270,12.0,25,0.0,4862.41,3229.18,8091.59
270,12.0,30,0.0,4478.61,3480.9,7959.5
300,6.0,-30,0.0,558.99,731.0,1290.0
300,6.0,-25,0.0,611.7,731.0,1342.7
300,6.0,-20,0.0,654.71,731.0,1385.72
300,6.0,-15,0.0,688.12,731.0,1419.12
300,6.0,-10,0.0,711.95,731.0,1442.95
300,6.0,-5,0.0,726.24,731.0,1457.24
300,6.0,0,0.0,731.0,731.0,1462.01
300,6.0,5,0.0,726.24,731.0,1457.24
300,6.0,10,0.0,711.95,731.0,1442.95
300,6.0,15,0.0,688.12,731.0,1419.12
300,6.0,20,0.0,654.71,731.0,1385.72
300,6.0,25,0.0,611.7,731.0,1342.7
300,6.0,30,0.0,558.99,731.0,1290.0
300,8.0,-30,0.0,1339.86,1753.95,3093.81
300,8.0,-25,0.0,1458.96,1753.95,3212.91
300,8.0,-20,0.0,1561.32,1753.95,3315.27
300,8.0,-15,0.0,1643.59,1753.95,3397.54
300,8.0,-10,0.0,1704.2,1753.95,3458.16
300,8.0,-5,0.0,1741.51,1753.95,3495.46
300,8.0,0,0.0,1753.95,1753.95,3507.91
300,8.0,5,0.0,1741.51,1753.95,3495.46
300,8.0,10,0.0,1704.2,1753.95,3458.16
300,8.0,15,0.0,1643.59,1753.95,3397.54
300,8.0,20,0.0,1561.32,1753.95,3315.27
300,8.0,25,0.0,1458.96,1753.95,3212.91
300,8.0,30,0.0,1339.86,1753.95,3093.81
300,10.0,-30,0.0,2618.95,3417.8,6036.75
300,10.0,-25,0.0,2863.71,3417.8,6281.5
300,10.0,-20,0.0,3063.49,3417.8,6481.29
300,10.0,-15,0.0,3218.62,3417.8,6636.42
300,10.0,-10,0.0,3329.31,3417.8,6747.11
300,10.0,-5,0.0,3395.68,3417.8,6813.48
300,10.0,0,0.0,3417.8,3417.8,6835.59
300,10.0,5,0.0,3395.68,3417.8,6813.48
300,10.0,10,0.0,3329.31,3417.8,6747.11
300,10.0,15,0.0,3218.62,3417.8,6636.42
300,10.0,20,0.0,3063.49,3417.8,6481.29
300,10.0,25,0.0,2863.71,3417.8,6281.5
300,10.0,30,0.0,2618.95,3417.8,6036.75
300,12.0,-30,0.0,4478.61,5000.0,9478.61
300,12.0,-25,0.0,4862.41,5000.0,9862.41
300,12.0,-20,0.0,5000.0,5000.0,10000.0
300,12.0,-15,0.0,5000.0,5000.0,10000.0
300,12.0,-10,0.0,5000.0,5000.0,10000.0
300,12.0,-5,0.0,5000.0,5000.0,10000.0
300,12.0,0,0.0,5000.0,5000.0,10000.0
300,12.0,5,0.0,5000.0,5000.0,10000.0
300,12.0,10,0.0,5000.0,5000.0,10000.0
300,12.0,15,0.0,5000.0,5000.0,10000.0
300,12.0,20,0.0,5000.0,5000.0,10000.0
300,12.0,25,0.0,4862.41,5000.0,9862.41
300,12.0,30,0.0,4478.61,5000.0,9478.61
330,6.0,-30,0.0,558.99,731.0,1290.0
330,6.0,-25,0.0,611.7,731.0,1342.7
330,6.0,-20,0.0,654.71,731.0,1385.72
330,6.0,-15,0.0,688.12,731.0,1419.12
330,6.0,-10,0.0,711.95,731.0,1442.95
330,6.0,-5,0.0,726.24,731.0,1457.24
330,6.0,0,0.0,731.0,731.0,1462.01
330,6.0,5,0.0,726.24,731.0,1457.24
330,6.0,10,0.0,711.95,731.0,1442.95
330,6.0,15,0.0,688.12,731.0,1419.12
330,6.0,20,0.0,654.71,731.0,1385.72
330,6.0,25,0.0,611.7,731.0,1342.7
330,6.0,30,0.0,558.99,731.0,1290.0
330,8.0,-30,0.0,1339.86,1753.95,3093.81
330,8.0,-25,0.0,1458.96,1753.95,3212.91
330,8.0,-20,0.0,1561.32,1753.95,3315.27
330,8.0,-15,0.0,1643.59,1753.95,3397.54
330,8.0,-10,0.0,1704.2,1753.95,3458.16
330,8.0,-5,0.0,1741.51,1753.95,3495.46
330,8.0,0,0.0,1753.95,1753.95,3507.91
330,8.0,5,0.0,1741.51,1753.95,3495.46
330,8.0,10,0.0,1704.2,1753.95,3458.16
330,8.0,15,0.0,1643.59,1753.95,3397.54
330,8.0,20,0.0,1561.32,1753.95,3315.27
330,8.0,25,0.0,1458.96,1753.95,3212.91
330,8.0,30,0.0,1339.86,1753.95,3093.81
330,10.0,-30,0.0,2618.95,3417.8,6036.75
330,10.0,-25,0.0,2863.71,3417.8,6281.5
330,10.0,-20,0.0,3063.49,3417.8,6481.29
330,10.0,-15,0.0,3218.62,3417.8,6636.42
330,10.0,-10,0.0,3329.31,3417.8,6747.11
330,10.0,-5,0.0,3395.68,3417.8,6813.48
330,10.0,0,0.0,3417.8,3417.8,6835.59
330,10.0,5,0.0,3395.68,3417.8,6813.48
330,10.0,10,0.0,3329.31,3417.8,6747.11
330,10.0,15,0.0,3218.62,3417.8,6636.42
330,10.0,20,0.0,3063.49,3417.8,6481.29
330,10.0,25,0.0,2863.71,3417.8,6281.5
330,10.0,30,0.0,2618.95,3417.8,6036.75
330,12.0,-30,0.0,4478.61,5000.0,9478.61
330,12.0,-25,0.0,4862.41,5000.0,9862.41
330,12.0,-20,0.0,5000.0,5000.0,10000.0
330,12.0,-15,0.0,5000.0,5000.0,10000.0
330,12.0,-10,0.0,5000.0,5000.0,10000.0
330,12.0,-5,0.0,5000.0,5000.0,10000.0
330,12.0,0,0.0,5000.0,5000.0,10000.0
330,12.0,5,0.0,5000.0,5000.0,10000.0
330,12.0,10,0.0,5000.0,5000.0,10000.0
330,12.0,15,0.0,5000.0,5000.0,10000.0
330,12.0,20,0.0,5000.0,5000.0,10000.0
330,12.0,25,0.0,4862.41,5000.0,9862.41
330,12.0,30,0.0,4478.61,5000.0,9478.61
